Workbook

Sheet Sheet5
A1: Color | B1: Red
A3: Row Labels | B3: Count of Region
A4: Region 1 | B4: 2
A5: Region 3 | B5: 3
A6: Region 4 | B6: 2
A7: Region 5 | B7: 1
A8: Region 6 | B8: 4
A9: Grand Total | B9: 12

Sheet schools
A1: School Name | B1: Annual Savings | C1: Region | D1: Level | E1: Zipcode | F1: Median Household Income | G1: Asian | H1: Black (Not Of Hispanic Origin) | I1: Hispanic Or Latino | J1: White (Not Of Hispanic Origin) | K1: Other | L1: Total | M1: Asian% | N1: Black (Not Of Hispanic Origin)% | O1: Hispanic Or Latino% | P1: White (Not Of Hispanic Origin)% | Q1: Other% | R1: Match | S1: Color
A2: Island Creek Elementary | B2: -96970.09 | C2: Region 6 | D2: ES | E2: 22315 | F2: 156230 | G2: 86 | H2: 119 | I2: 117 | J2: 297 | K2: 88 | L2: =SUM(G2:K2) -> 707 | M2: =G2/$L2 -> 0.12164074 | N2: =H2/$L2 -> 0.16831683 | O2: =I2/$L2 -> 0.16548798 | P2: =J2/$L2 -> 0.42008487 | Q2: =K2/$L2 -> 0.12446959 | R2: 4 | S2: Red
A3: Keene Mill Elementary | B3: -15387.75 | C3: Region 4 | D3: ES | E3: 22152 | F3: 159557 | G3: 154 | H3: 113 | I3: 171 | J3: 311 | K3: 76 | L3: =SUM(G3:K3) -> 825 | M3: =G3/$L3 -> 0.18666667 | N3: =H3/$L3 -> 0.1369697 | O3: =I3/$L3 -> 0.20727273 | P3: =J3/$L3 -> 0.3769697 | Q3: =K3/$L3 -> 0.092121212 | R3: 3 | S3: Red
A4: Bonnie Brae Elementary | B4: -10707.87 | C4: Region 4 | D4: ES | E4: 22032 | F4: 175913 | G4: 112 | H4: 75 | I4: 125 | J4: 396 | K4: 82 | L4: =SUM(G4:K4) -> 790 | M4: =G4/$L4 -> 0.14177215 | N4: =H4/$L4 -> 0.094936709 | O4: =I4/$L4 -> 0.15822785 | P4: =J4/$L4 -> 0.50126582 | Q4: =K4/$L4 -> 0.10379747 | R4: 2 | S4: Red
A5: Mount Eagle Elementary | B5: -3967.58 | C5: Region 3 | D5: ES | E5: 22303 | F5: 103822 | G5: 18 | H5: 40 | I5: 245 | J5: 47 | K5: 10 | L5: =SUM(G5:K5) -> 360 | M5: =G5/$L5 -> 0.05 | N5: =H5/$L5 -> 0.11111111 | O5: =I5/$L5 -> 0.68055556 | P5: =J5/$L5 -> 0.13055556 | Q5: =K5/$L5 -> 0.027777778 | R5: 5 | S5: Red
A6: Westbriar Elementary | B6: -3262.28 | C6: Region 5 | D6: ES | E6: 22182 | F6: 200038 | G6: 325 | H6: 41 | I6: 77 | J6: 335 | K6: 64 | L6: =SUM(G6:K6) -> 842 | M6: =G6/$L6 -> 0.38598575 | N6: =H6/$L6 -> 0.048693587 | O6: =I6/$L6 -> 0.091448931 | P6: =J6/$L6 -> 0.39786223 | Q6: =K6/$L6 -> 0.076009501 | R6: 1 | S6: Red
A7: Herndon Hs | B7: -23463.74 | C7: Region 1 | D7: HS | E7: 20170 | F7: 157875 | G7: 165 | H7: 135 | I7: 1148 | J7: 629 | K7: 104 | L7: =SUM(G7:K7) -> 2181 | M7: =G7/$L7 -> 0.07565337 | N7: =H7/$L7 -> 0.061898212 | O7: =I7/$L7 -> 0.52636405 | P7: =J7/$L7 -> 0.28839982 | Q7: =K7/$L7 -> 0.047684548 | R7: 6 | S7: Red
A8: Annandale High | B8: -32053.35 | C8: Region 6 | D8: HS | E8: 22003 | F8: 134109 | G8: 382 | H8: 266 | I8: 1124 | J8: 272 | K8: 57 | L8: =SUM(G8:K8) -> 2101 | M8: =G8/$L8 -> 0.18181818 | N8: =H8/$L8 -> 0.12660638 | O8: =I8/$L8 -> 0.53498334 | P8: =J8/$L8 -> 0.12946216 | Q8: =K8/$L8 -> 0.027129938 | R8: 7 | S8: Red
A9: Lewis High | B9: -66730.21 | C9: Region 6 | D9: HS | E9: 22150 | F9: 120406 | G9: 325 | H9: 159 | I9: 925 | J9: 179 | K9: 34 | L9: =SUM(G9:K9) -> 1622 | M9: =G9/$L9 -> 0.20036991 | N9: =H9/$L9 -> 0.098027127 | O9: =I9/$L9 -> 0.5702836 | P9: =J9/$L9 -> 0.11035758 | Q9: =K9/$L9 -> 0.020961776 | R9: 8 | S9: Red
A10: Edison High | B10: -276287.51 | C10: Region 3 | D10: HS | E10: 22310 | F10: 160872 | G10: 287 | H10: 410 | I10: 803 | J10: 646 | K10: 138 | L10: =SUM(G10:K10) -> 2284 | M10: =G10/$L10 -> 0.12565674 | N10: =H10/$L10 -> 0.17950963 | O10: =I10/$L10 -> 0.35157618 | P10: =J10/$L10 -> 0.28283713 | Q10: =K10/$L10 -> 0.060420315 | R10: 8 | S10: Red
A11: West Potomac High | B11: -262696.19 | C11: Region 3 | D11: HS | E11: 22307 | F11: 140559 | G11: 151 | H11: 416 | I11: 1110 | J11: 806 | K11: 123 | L11: =SUM(G11:K11) -> 2606 | M11: =G11/$L11 -> 0.057943208 | N11: =H11/$L11 -> 0.15963162 | O11: =I11/$L11 -> 0.42594014 | P11: =J11/$L11 -> 0.30928626 | Q11: =K11/$L11 -> 0.047198772 | R11: 8 | S11: Red
A12: Herdon Middle | B12: -27348.8 | C12: Region 1 | D12: MS | E12: 20170 | F12: 157875 | G12: 57 | H12: 51 | I12: 502 | J12: 240 | K12: 38 | L12: =SUM(G12:K12) -> 888 | M12: =G12/$L12 -> 0.064189189 | N12: =H12/$L12 -> 0.057432432 | O12: =I12/$L12 -> 0.56531532 | P12: =J12/$L12 -> 0.27027027 | Q12: =K12/$L12 -> 0.042792793 | R12: 9 | S12: Red
A13: Key Middle | B13: -1958.6 | C13: Region 6 | D13: MS | E13: 22150 | F13: 120406 | G13: 118 | H13: 47 | I13: 403 | J13: 98 | K13: 25 | L13: =SUM(G13:K13) -> 691 | M13: =G13/$L13 -> 0.170767 | N13: =H13/$L13 -> 0.068017366 | O13: =I13/$L13 -> 0.58321274 | P13: =J13/$L13 -> 0.14182344 | Q13: =K13/$L13 -> 0.03617945 | R13: 10 | S13: Red
... A17: Lane Elementary | B17: 40166.62 | C17: Region 6 | D17: ES | E17: 22315 | F17: 156230 | G17: 78 | H17: 144 | I17: 152 | J17: 276 | K17: 73 | L17: =SUM(G17:K17) -> 723 | M17: =G17/$L17 -> 0.10788382 | N17: =H17/$L17 -> 0.19917012 | O17: =I17/$L17 -> 0.21023513 | P17: =J17/$L17 -> 0.38174274 | Q17: =K17/$L17 -> 0.10096819 | R17: 4 | S17: Green
A18: Hayfield Elementary | B18: 60546.26 | C18: Region 6 | D18: ES | E18: 22332 | F18: #N/A | G18: 54 | H18: 90 | I18: 107 | J18: 290 | K18: 73 | L18: =SUM(G18:K18) -> 614 | M18: =G18/$L18 -> 0.087947883 | N18: =H18/$L18 -> 0.1465798 | O18: =I18/$L18 -> 0.1742671 | P18: =J18/$L18 -> 0.4723127 | Q18: =K18/$L18 -> 0.11889251 | R18: 5 | S18: Green
A19: South Lakes High | B19: 67706.63 | C19: Region 1 | D19: HS | E19: 20191 | F19: 141019 | G19: 244 | H19: 306 | I19: 695 | J19: 964 | K19: 197 | L19: =SUM(G19:K19) -> 2406 | M19: =G19/$L19 -> 0.10141313 | N19: =H19/$L19 -> 0.12718204 | O19: =I19/$L19 -> 0.28886118 | P19: =J19/$L19 -> 0.400665 | Q19: =K19/$L19 -> 0.081878637 | R19: 6 | S19: Green
A20: Jefferson High | B20: 57662.78 | C20: Region 6 | D20: HS | E20: 22312 | F20: 105044 | G20: 1273 | H20: 115 | I20: 153 | J20: 435 | K20: 122 | L20: =SUM(G20:K20) -> 2098 | M20: =G20/$L20 -> 0.60676835 | N20: =H20/$L20 -> 0.054814109 | O20: =I20/$L20 -> 0.072926597 | P20: =J20/$L20 -> 0.20734032 | Q20: =K20/$L20 -> 0.05815062 | R20: 7 | S20: Green
A21: Hayfield Ss | B21: 56881.78 | C21: Region 6 | D21: HS | E21: 22315 | F21: 156230 | G21: 254 | H21: 625 | I21: 496 | J21: 685 | K21: 193 | L21: =SUM(G21:K21) -> 2253 | M21: =G21/$L21 -> 0.11273857 | N21: =H21/$L21 -> 0.2774079 | O21: =I21/$L21 -> 0.22015091 | P21: =J21/$L21 -> 0.30403906 | Q21: =K21/$L21 -> 0.08566356 | R21: 8 | S21: Green
A22: Hughes Middle | B22: 15912.78 | C22: Region 1 | D22: MS | E22: 20191 | F22: 141019 | G22: 78 | H22: 139 | I22: 301 | J22: 407 | K22: 86 | L22: =SUM(G22:K22) -> 1011 | M22: =G22/$L22 -> 0.077151335 | N22: =H22/$L22 -> 0.13748764 | O22: =I22/$L22 -> 0.29772502 | P22: =J22/$L22 -> 0.40257171 | Q22: =K22/$L22 -> 0.085064293 | R22: 9 | S22: Green
A23: Twain Middle | B23: 95390.44 | C23: Region 3 | D23: MS | E23: 22310 | F23: 160872 | G23: 134 | H23: 166 | I23: 324 | J23: 322 | K23: 76 | L23: =SUM(G23:K23) -> 1022 | M23: =G23/$L23 -> 0.13111546 | N23: =H23/$L23 -> 0.16242661 | O23: =I23/$L23 -> 0.31702544 | P23: =J23/$L23 -> 0.31506849 | Q23: =K23/$L23 -> 0.074363992 | R23: 10 | S23: Green

Sheet zip
A1: Rank | B1: ZIP Code | C1: USD
A2: 1 | B2: 22039 | C2: 250001 | D2: =VLOOKUP(B2,schools!E:E,1,FALSE) -> 22039
A3: 2 | B3: 22027 | C3: 250001 | D3: =VLOOKUP(B3,schools!E:E,1,FALSE) -> #N/A
A4: 3 | B4: 20124 | C4: 218942 | D4: =VLOOKUP(B4,schools!E:E,1,FALSE) -> #N/A
A5: 4 | B5: 22124 | C5: 216712 | D5: =VLOOKUP(B5,schools!E:E,1,FALSE) -> #N/A
A6: 5 | B6: 22181 | C6: 212156 | D6: =VLOOKUP(B6,schools!E:E,1,FALSE) -> #N/A
A7: 6 | B7: 22308 | C7: 204177 | D7: =VLOOKUP(B7,schools!E:E,1,FALSE) -> #N/A
A8: 7 | B8: 22182 | C8: 200038 | D8: =VLOOKUP(B8,schools!E:E,1,FALSE) -> 22182
A9: 8 | B9: 22180 | C9: 181467 | D9: =VLOOKUP(B9,schools!E:E,1,FALSE) -> #N/A
A10: 9 | B10: 22153 | C10: 169638 | D10: =VLOOKUP(B10,schools!E:E,1,FALSE) -> #N/A
A11: 10 | B11: 20194 | C11: 166423 | D11: =VLOOKUP(B11,schools!E:E,1,FALSE) -> #N/A
A12: 11 | B12: 20171 | C12: 166154 | D12: =VLOOKUP(B12,schools!E:E,1,FALSE) -> #N/A
A13: 12 | B13: 22015 | C13: 166016 | D13: =VLOOKUP(B13,schools!E:E,1,FALSE) -> #N/A
... A34: 33 | B34: 22041 | C34: 91075 | D34: =VLOOKUP(B34,schools!E:E,1,FALSE) -> #N/A
